{
  "home_ownership": {
    "ANY": 0.0,
    "MORTGAGE": 0.16601244724412798,
    "NONE": 0.0,
    "OTHER": 0.08894138886281662,
    "OWN": -0.04348352929857113,
    "RENT": -0.17310029449354786
  },
  "verification_status": {
    "Not Verified": 0.3750432761005962,
    "Source Verified": -0.07271389240336698,
    "Verified": -0.20198764900778804
  },
  "purpose": {
    "car": 0.3679164164055739,
    "credit_card": 0.2037682922657895,
    "debt_consolidation": -0.0760834154982321,
    "educational": 0.19567458833261514,
    "home_improvement": 0.1387066513092582,
    "house": -0.17134710942082984,
    "major_purchase": 0.1220521993571909,
    "medical": -0.08613799166821665,
    "moving": -0.17198381937705373,
    "other": -0.06053857349829925,
    "renewable_energy": -0.21730661771149945,
    "small_business": -0.4813827276310574,
    "vacation": 0.04683362931592643,
    "wedding": 0.6028612796572601
  },
  "initial_list_status": {
    "f": 0.04371154751065187,
    "w": -0.03535903194820977
  },
  "application_type": {
    "Individual": 0.001935381997438218,
    "Joint App": -0.3392432277115033
  },
  "addr_state": {
    "AK": 0.024346512234796912,
    "AL": -0.22757405101628425,
    "AR": -0.22466436859875596,
    "AZ": 0.015023200672253795,
    "CA": 0.03341460292702105,
    "CO": 0.2853174826802783,
    "CT": 0.1656049463583513,
    "DC": 0.513120267745357,
    "DE": 0.017688190432129262,
    "FL": -0.0885405856706506,
    "GA": 0.08895259227761776,
    "HI": -0.05108705877900401,
    "IA": 0.0,
    "ID": -0.05816554939126557,
    "IL": 0.11706060092805215,
    "IN": -0.09980245173430437,
    "KS": 0.21866907629163188,
    "KY": -0.07689080408134648,
    "LA": -0.18067167176035795,
    "MA": 0.0801335456491251,
    "MD": -0.07530217644144795,
    "ME": 0.34658377423570247,
    "MI": -0.009348686943418257,
    "MN": -0.002586777987936712,
    "MO": -0.07880199856227271,
    "MS": -0.34077089060846655,
    "MT": 0.20343169846222417,
    "NC": -0.053155141687318906,
    "ND": -0.09202723740068045,
    "NE": -0.3306410424997945,
    "NH": 0.36923691961091903,
    "NJ": -0.06677984558765389,
    "NM": -0.08613231197696487,
    "NV": -0.13247404385796058,
    "NY": -0.10367423544142407,
    "OH": -0.058817871735207854,
    "OK": -0.21731628932565747,
    "OR": 0.37324595001784794,
    "PA": -0.05539277385685488,
    "RI": 0.11933011685487967,
    "SC": 0.21121652564887067,
    "SD": -0.07847933191811378,
    "TN": -0.10908696818474502,
    "TX": 0.018254102840829317,
    "UT": 0.14459399714263504,
    "VA": -0.016602488836069722,
    "VT": 0.4329467503785849,
    "WA": 0.25080973955937,
    "WI": 0.13592933090417758,
    "WV": 0.26601634390492757,
    "WY": 0.17812582942217367
  },
  "job_category": {
    "Admin_Clerical": -0.10978487842097716,
    "Design": 0.17395849405277802,
    "Education": 0.11895455115126599,
    "Finance_Accounting": 0.14866062356443893,
    "Government_Military": 0.10218238952562349,
    "Healthcare": 0.020437090341377584,
    "Legal": 0.34806445958668036,
    "Management_Executive": 0.019377480843841336,
    "Operations": -0.1651240727899793,
    "Other": 0.002741328415044065,
    "Sales_Marketing": -0.07781976709710077,
    "Science_Engineering": 0.30094365033451786,
    "Security": -0.3093888403385784,
    "Service_Hospitality": -0.2761969042078796,
    "Technology": 0.3672879856470208,
    "Trades_Labor": -0.2869048845622538
  }
}